id,Title,Permalink
60,Home,https://dev.srv975395.hstgr.cloud/home/
481,Service,https://dev.srv975395.hstgr.cloud/service/
613,Solutions,https://dev.srv975395.hstgr.cloud/solutions/
1106,Blog,https://dev.srv975395.hstgr.cloud/blog/
1771,"What is Generative AI",https://dev.srv975395.hstgr.cloud/what-is-generative-ai/
2028,"UiPath Onboarding",https://dev.srv975395.hstgr.cloud/uipath-onboarding/
2071,"DoqumentAI – The Future of Rapid and Intelligent Document Processing",https://dev.srv975395.hstgr.cloud/doqumentai/
2116,"Automated Document Processing",https://dev.srv975395.hstgr.cloud/automated-document-processing/
2171,"Business Process Documentation",https://dev.srv975395.hstgr.cloud/business-process-documentation/
2301,"Healthcare New",https://dev.srv975395.hstgr.cloud/solutions/ai-powered-healthcare-automation/
2592,"Real Estate and Mortgage Automation",https://dev.srv975395.hstgr.cloud/solutions/robotic-process-automation-real-estate-and-mortgage/
2626,"RPA in Banking",https://dev.srv975395.hstgr.cloud/solutions/rpa-in-banking/
2687,"Insurance Automation",https://dev.srv975395.hstgr.cloud/solutions/robotic-process-automation-insurance/
2715,"Automation in Manufacturing",https://dev.srv975395.hstgr.cloud/solutions/rpa-in-manufacturing/
2729,"Intelligent Document Processing (IDP) Pricing – Cost & Solutions | qBotica",https://dev.srv975395.hstgr.cloud/services/intelligent-document-processing-idp-pricing/
2738,"A Certified and Featured UiPath Partner",https://dev.srv975395.hstgr.cloud/services/featured-uipath-partner/
2740,Services,https://dev.srv975395.hstgr.cloud/services/
2800,"AI Agents",https://dev.srv975395.hstgr.cloud/services/ai-agents/
2805,"Contact Center Automation",https://dev.srv975395.hstgr.cloud/solutions/robotic-process-automation-contact-center/
2824,"Automation as a Service",https://dev.srv975395.hstgr.cloud/services/automation-as-a-service/
2825,"Supply Chain and Transportation Automation",https://dev.srv975395.hstgr.cloud/solutions/automation-transportation-supply-chain/
2852,"Gen Ai As Service",https://dev.srv975395.hstgr.cloud/services/gen-ai-as-service/
2893,"Finance Automation",https://dev.srv975395.hstgr.cloud/solutions/rpa-in-finance/
2918,UseCases,https://dev.srv975395.hstgr.cloud/usecases/
2935,Pricing,https://dev.srv975395.hstgr.cloud/services/pricing/
2940,"Robotic Process Automation",https://dev.srv975395.hstgr.cloud/services/robotic-process-automation/
2965,"Agentic AI Workflows",https://dev.srv975395.hstgr.cloud/services/agentic-ai-workflows/
2966,"Top Automation Tools & Resources to Boost Efficiency in 2025",https://dev.srv975395.hstgr.cloud/resources/
2968,"Agentic AI Use Cases",https://dev.srv975395.hstgr.cloud/resources/agentic-ai-use-cases/
3004,Partners,https://dev.srv975395.hstgr.cloud/partners/
3076,"Supply Chain & Transportation Agentic AI Use Cases",https://dev.srv975395.hstgr.cloud/resources/agentic-ai-use-cases/supply-chain-transportation-agentic-ai-use-cases/
3128,"Agriculture & Environmental Services Agentic AI Use Cases",https://dev.srv975395.hstgr.cloud/resources/agentic-ai-use-cases/agriculture-environmental-services-agentic-ai-use-cases/
3135,"Intelligent Automation (Cross-Industry) Agentic AI Use Cases",https://dev.srv975395.hstgr.cloud/resources/agentic-ai-use-cases/intelligent-automation-cross-industry-agentic-ai-use-cases/
3140,"Banking, Finance & Insurance Agentic AI Use Cases",https://dev.srv975395.hstgr.cloud/resources/agentic-ai-use-cases/banking-finance-insurance-agentic-ai-use-cases/
3143,"Healthcare & Life Sciences Agentic AI Use Cases",https://dev.srv975395.hstgr.cloud/resources/agentic-ai-use-cases/healthcare-life-sciences-agentic-ai-use-cases/
3147,"Manufacturing & Industry 4.0 Agentic AI Use Cases",https://dev.srv975395.hstgr.cloud/resources/agentic-ai-use-cases/manufacturing-industry-4-0-agentic-ai-use-cases/
3150,"Public Sector & Government Agentic AI Use Cases",https://dev.srv975395.hstgr.cloud/resources/agentic-ai-use-cases/public-sector-government-agentic-ai-use-cases/
3193,"Healthcare Use Cases",https://dev.srv975395.hstgr.cloud/usecases/healthcare-use-cases/
3197,"Claims processing",https://dev.srv975395.hstgr.cloud/usecases/claims-processing/
3204,"Improving email processing efficiency",https://dev.srv975395.hstgr.cloud/usecases/improving-email-processing-efficiency/
3217,Underwriting,https://dev.srv975395.hstgr.cloud/usecases/underwriting/
3245,About,https://dev.srv975395.hstgr.cloud/about/
3261,"Regulatory Compliance",https://dev.srv975395.hstgr.cloud/usecases/regulatory-compliance/
3264,"Improving the Healthcare Cycle",https://dev.srv975395.hstgr.cloud/usecases/improving-the-healthcare-cycle/
3267,"Implementing Discharge Instructions",https://dev.srv975395.hstgr.cloud/usecases/implementing-discharge-instructions/
3277,"New Account Setup",https://dev.srv975395.hstgr.cloud/usecases/new-account-setup/
3281,"Billing and Statements",https://dev.srv975395.hstgr.cloud/usecases/billing-and-statements/
3286,"Improving Customer Interaction",https://dev.srv975395.hstgr.cloud/usecases/improving-customer-interaction/
3337,"Managing technical support and improving retention",https://dev.srv975395.hstgr.cloud/usecases/managing-technical-support-and-improving-retention/
3342,"Insurance Use Cases",https://dev.srv975395.hstgr.cloud/usecases/insurance-use-cases/
3361,"Energy & Utilities Use Cases",https://dev.srv975395.hstgr.cloud/usecases/energy-utilities-use-cases/
3366,"Customer Onboarding",https://dev.srv975395.hstgr.cloud/usecases/customer-onboarding/
3370,"Finance Use Cases",https://dev.srv975395.hstgr.cloud/usecases/finance-use-cases/
3385,"Transportation & Supply Chain Use Cases",https://dev.srv975395.hstgr.cloud/usecases/transportation-supply-chain-use-cases/
3388,"Identify Documents with Intelligent Optical Character Recognition",https://dev.srv975395.hstgr.cloud/usecases/identify-documents-with-intelligent-optical-character-recognition/
3392,"Quickly Automate Incoming Customer Requests",https://dev.srv975395.hstgr.cloud/usecases/quickly-automate-incoming-customer-requests/
3393,"Manufacturing Use Cases",https://dev.srv975395.hstgr.cloud/usecases/manufacturing-use-cases/
3395,"Real Estate and Mortgage Use Cases",https://dev.srv975395.hstgr.cloud/usecases/real-estate-and-mortgage-use-cases/
3401,"End-to-end document processing for any type of document",https://dev.srv975395.hstgr.cloud/usecases/end-to-end-document-processing-for-any-type-of-document/
3412,"Meter Reading Validation",https://dev.srv975395.hstgr.cloud/usecases/meter-reading-validation/
3450,"Case Studies",https://dev.srv975395.hstgr.cloud/case-studies/
3470,"How qBotica Took The Pain Out of Pricing using GenAI and Automation for a Large Financial Services Company",https://dev.srv975395.hstgr.cloud/case-studies/how-qbotica-took-the-pain-out-of-pricing-using-genai-and-automation-for-a-large-financial-services-company/
3506,"How qBotica helped a Government Organization improve accuracy by 99%, at the same time increasing processing efficiency by 85%.",https://dev.srv975395.hstgr.cloud/case-studies/how-qbotica-helped-a-government-organization-improve-accuracy-by-99-at-the-same-time-increasing-processing-efficiency-by-85/
3519,"How a Government Organization started processing documents 4x faster, with qBotica.",https://dev.srv975395.hstgr.cloud/how-a-government-organization-started-processing-documents-4x-faster-with-qbotica/
3528,"How qBotica Increased Claims Processing By Over 7x for a Top Healthcare Client",https://dev.srv975395.hstgr.cloud/case-studies/how-qbotica-increased-claims-processing-by-over-7x-for-a-top-healthcare-client/
3541,"How qBotica helped a Fortune 500 Technology Products Company to process 1Million+ Invoices each Year",https://dev.srv975395.hstgr.cloud/case-studies/how-qbotica-helped-a-fortune-500-technology-products-company-to-process-1million-invoices-each-year/
3551,"How qBotica helped a Global Top 10 Bank reduce processing time by 75% and errors by 90%",https://dev.srv975395.hstgr.cloud/case-studies/how-qbotica-helped-a-global-top-10-bank-reduce-processing-time-by-75-and-errors-by-90/
3558,"How qBotica helped a Leading Manufacturer get faster Month-End Closures with 99% Reduction in Errors",https://dev.srv975395.hstgr.cloud/case-studies/how-qbotica-helped-a-leading-manufacturer-get-faster-month-end-closures-with-99-reduction-in-errors/
3562,"How qBotica helped a Transportation & Supply Chain Software Company process 500+ documents in a day",https://dev.srv975395.hstgr.cloud/case-studies/how-qbotica-helped-a-transportation-supply-chain-software-company-process-500-documents-in-a-day/
3578,"How qBotica enabled a top financial services company to reduce their cost and increase time savings by over 90 percent",https://dev.srv975395.hstgr.cloud/case-studies/how-qbotica-enabled-a-top-financial-services-company-to-reduce-their-cost-and-increase-time-savings-by-over-90-percent/
3581,"How qBotica helped a Global Non-Profit Organization Create a Safe Learning Environment for Kids",https://dev.srv975395.hstgr.cloud/case-studies/how-qbotica-helped-a-global-non-profit-organization-create-a-safe-learning-environment-for-kid/
3589,"Accounts Payable Automation Using RPA in the Energy Sector: qBotica Enaables 95% Time Savings",https://dev.srv975395.hstgr.cloud/case-studies/how-qbotica-implemented-rpa-solutions-in-4-markets-to-enable-a-global-energy-company-to-gain-95-time-savings/
3606,Newsroom,https://dev.srv975395.hstgr.cloud/newsroom/
3610,"qBotica and Kognitos Partner to Bring English as Code to the Enterprise for Key Operational Needs",https://dev.srv975395.hstgr.cloud/newsroom/qbotica-and-kognitos-partner-to-bring-english-as-code-to-the-enterprise-for-key-operational-needs/
3627,"qBotica Recognized as a UiPath Agentic Automation Fast Track Partner",https://dev.srv975395.hstgr.cloud/newsroom/qbotica-recognized-as-a-uipath-agentic-automation-fast-track-partner/
3660,"qBotica Named One of North America’s Fastest-Growing Companies in the 2024 Deloitte Technology Fast 500™",https://dev.srv975395.hstgr.cloud/newsroom/qbotica-named-one-of-north-americas-fastest-growing-companies-in-the-2024-deloitte-technology-fast-500/
3667,"Mahesh Vinayagam Named to the 2025 Phoenix Titan 100",https://dev.srv975395.hstgr.cloud/newsroom/mahesh-vinayagam-named-to-the-2025-phoenix-titan-100/
3670,"qBotica Recognized as a UiPath 2024 Partner of the Year Award Winner",https://dev.srv975395.hstgr.cloud/newsroom/qbotica-recognized-as-a-uipath-2024-partner-of-the-year-award-winner/
3685,"qBotica Named One of America’s Top 100 Small Businesses and Honored as a Digital Innovator",https://dev.srv975395.hstgr.cloud/newsroom/qbotica-named-one-of-americas-top-100-small-businesses-and-honored-as-a-digital-innovator/
3691,"qBotica Celebrates Third Consecutive Year on Inc. 5000 List, Ranking #1541 in 2024",https://dev.srv975395.hstgr.cloud/newsroom/qbotica-celebrates-third-consecutive-year-on-inc-5000-list-ranking-1541-in-2024/
3698,"qBotica and AmickBrown, a ZEST Company, Forge Strategic Equity Partnership to Revolutionize SAP and Automation Solutions",https://dev.srv975395.hstgr.cloud/newsroom/qbotica-and-amickbrown-a-zest-company-forge-strategic-equity-partnership-to-revolutionize-sap-and-automation-solutions/
3720,"qBotica Ranked as a Fastest-Growing Company in North America on the 2023 Deloitte Technology Fast 500™",https://dev.srv975395.hstgr.cloud/qbotica-ranked-as-a-fastest-growing-company-in-north-america-on-the-2023-deloitte-technology-fast-500/
3728,"qBotica to Acquire Healthomation to Expand Healthcare Automation Capabilities",https://dev.srv975395.hstgr.cloud/newsroom/qbotica-to-acquire-healthomation-to-expand-healthcare-automation-capabilities/
3745,"qBotica Earns Prestigious Ranking on the Inc. 5000 List of Fastest-Growing Companies in America for the Second Consecutive Year",https://dev.srv975395.hstgr.cloud/newsroom/qbotica-earns-prestigious-ranking-on-the-inc-5000-list-of-fastest-growing-companies-in-america-for-the-second-consecutive-year/
3774,"qBotica Transforms Business Landscape with Expansion into UK, Middle East, and Europe; London Office Opened",https://dev.srv975395.hstgr.cloud/newsroom/qbotica-transforms-business-landscape-with-expansion-into-uk-middle-east-and-europe-london-office-opened/
3791,"qBotica Achieves Diamond Level Partner Status with UiPath for Intelligent Automation Solutions",https://dev.srv975395.hstgr.cloud/newsroom/qbotica-achieves-platinum-level-partner-status-with-uipath-for-intelligent-automation-solutions/
3799,"qBotica Nominated for the Inno Fire Awards by the Phoenix Business Journal",https://dev.srv975395.hstgr.cloud/newsroom/qbotica-nominated-for-the-inno-fire-awards-by-the-phoenix-business-journal/
3803,"qBotica Successfully Achieves SOC 2 Type 1 Certification",https://dev.srv975395.hstgr.cloud/newsroom/qbotica-successfully-achieves-soc-2-type-1-certification/
3817,"qBotica Named a UiPath Featured Diamond Partner",https://dev.srv975395.hstgr.cloud/newsroom/qbotica-named-a-uipath-featured-diamond-partner/
3822,"UiPath Announces Go-to-Market Managed Services Partnership with qBotica for Turnkey Enterprise Automation",https://dev.srv975395.hstgr.cloud/newsroom/uipath-announces-go-to-market-managed-services-partnership-with-qbotica-for-turnkey-enterprise-automation/
3832,"qBotica Makes its Debut on the Acclaimed Inc. 5000 List of Fastest-Growing Private Companies",https://dev.srv975395.hstgr.cloud/newsroom/qbotica-makes-its-debut-on-the-acclaimed-inc-5000-list-of-fastest-growing-private-companies/
3854,"qBotica recognized in 2022 Gartner® Market Guide for Intelligent Document Processing Solutions",https://dev.srv975395.hstgr.cloud/newsroom/qbotica-recognized-in-2022-gartner-market-guide-for-intelligent-document-processing-solutions/
3894,"qBotica Recognized as a Star Performer in the 2022 Everest Peak Matrix® for Intelligent Document Processing Solutions",https://dev.srv975395.hstgr.cloud/newsroom/qbotica-recognized-as-a-star-performer-in-the-2022-everest-peak-matrix-for-intelligent-document-processing-solutions/
3905,"Local United Way in Phoenix Partners With qBotica to Enhance Volunteer Experiences",https://dev.srv975395.hstgr.cloud/newsroom/local-united-way-in-phoenix-partners-with-qbotica-to-enhance-volunteer-experiences/
3914,"qBotica scales up its ecosystem approach to help enterprises build their own automation services platforms",https://dev.srv975395.hstgr.cloud/newsroom/qbotica-scales-up-its-ecosystem-approach-to-help-enterprises-build-their-own-automation-services-platforms/
3928,"qBotica wins prestigious ITServe Startup Cube Competition with Doqument",https://dev.srv975395.hstgr.cloud/newsroom/qbotica-wins-prestigious-itserve-startup-cube-competition-with-doqument/
3953,"Emergeaz Awardee",https://dev.srv975395.hstgr.cloud/newsroom/emergeaz-awardee/
3959,"qBotica Secures $1 Million in Seed Funding from Peacock Ventures",https://dev.srv975395.hstgr.cloud/newsroom/qbotica-secures-1-million-in-seed-funding-from-peacock-ventures-2/
4228,"Sample ACF",https://dev.srv975395.hstgr.cloud/sample-acf/
4323,"qBotica Achieves SOC 2 Type 2 Compliance, Elevating Its Security Assurance",https://dev.srv975395.hstgr.cloud/newsroom/qbotica-achieves-soc-2-type-2-compliance-elevating-its-security-assurance/
4388,"White Papers",https://dev.srv975395.hstgr.cloud/resources/white-papers/
4391,"Top Automation Tools &#038; Resources to Boost Efficiency in 2025",https://dev.srv975395.hstgr.cloud/?page_id=4391
4405,"AI & Automation Trends 2025: The Rise of Hyperautomation and Next-Gen Technologies",https://dev.srv975395.hstgr.cloud/resources/white-papers/ai-automation-trends-2025/
4427,"Transforming Specialty Healthcare",https://dev.srv975395.hstgr.cloud/transforming-specialty-healthcare/
4459,"Turn AI Potential into Success: 8 Proven Steps to Achieve Results",https://dev.srv975395.hstgr.cloud/resources/white-papers/turn-ai-potential-into-results-8-steps-to-success/
4469,"Navigating the Future: Unveiling AI Innovation and Automation Trends in 2024",https://dev.srv975395.hstgr.cloud/resources/white-papers/navigating-the-future-unveiling-automation-and-ai-trends-2024/
4479,"How Automation in Call Centers Transforms Operations into Customer Experience Hubs",https://dev.srv975395.hstgr.cloud/resources/white-papers/how-automation-turns-contact-centers-into-experience-centers/
4490,"How Automation in Finance Restores Workload Balance and Efficiency",https://dev.srv975395.hstgr.cloud/resources/white-papers/how-automation-gets-finance-workloads-back-in-balance/
4497,"Intelligent Automation: A CIO’s Blueprint for Business Process Optimization",https://dev.srv975395.hstgr.cloud/resources/white-papers/intelligent-automation-blueprint-for-cios/
4505,"AI in Supply Chain and Logistics: Transforming Efficiency & Visibility",https://dev.srv975395.hstgr.cloud/resources/white-papers/supply-chain/
4510,"Reimagining the Future of Efficiency: AI Automation and Enterprises in the Age of Intelligent Automation",https://dev.srv975395.hstgr.cloud/resources/white-papers/re-imagining-the-future-of-efficiency-the-road-to-intelligent-automation-and-enterprise-ai/
4514,"Intelligent Automation in Management: Revolutionizing Workforce Optimization",https://dev.srv975395.hstgr.cloud/resources/white-papers/intelligent-automation-in-talent-management-and-staffing/
4518,"How AI and RPA Boost Operational Efficiency in Manufacturing | qBotica",https://dev.srv975395.hstgr.cloud/resources/white-papers/better-together-how-ai-and-rpa-unlock-competitive-advantages-in-manufacturing/
4523,"Intelligent Automation in Aerospace: Boosting Operational Efficiency with AI & RPA",https://dev.srv975395.hstgr.cloud/resources/white-papers/intelligent-automation-in-aerospace-industry/
4528,"Operational Excellence in Nursing: How Intelligent Automation Restores Healthcare Efficiency",https://dev.srv975395.hstgr.cloud/resources/white-papers/nursing-healthcare-back-to-health-qbotica/
4577,"Media and Video",https://dev.srv975395.hstgr.cloud/media-and-videos/
4703,"Privacy Policy",https://dev.srv975395.hstgr.cloud/privacy-policy/
4756,"Terms of Service",https://dev.srv975395.hstgr.cloud/terms-of-service/
4777,"How Intelligent Automation is Transforming the Healthcare Industry",https://dev.srv975395.hstgr.cloud/how-intelligent-automation-is-transforming-the-healthcare-industry/
4936,"Best UiPath Partner",https://dev.srv975395.hstgr.cloud/best-uipath-partner/
5349,Careers,https://dev.srv975395.hstgr.cloud/careers/
5424,"Contact Us",https://dev.srv975395.hstgr.cloud/contact-us/
5504,"Employee Handbook Access",https://dev.srv975395.hstgr.cloud/hr/handbook/
5512,HR,https://dev.srv975395.hstgr.cloud/hr/
5514,Advertisements,https://dev.srv975395.hstgr.cloud/careers/advertisements/
5519,Reboot,https://dev.srv975395.hstgr.cloud/reboot/
5546,Sitemap,https://dev.srv975395.hstgr.cloud/sitemap/
5553,Disqover,https://dev.srv975395.hstgr.cloud/disqover/
5588,"Automation in Healthcare",https://dev.srv975395.hstgr.cloud/automation-in-healthcare/
5623,"Healthcare Claims Processing",https://dev.srv975395.hstgr.cloud/healthcare-claims-processing/
5668,FAQ,https://dev.srv975395.hstgr.cloud/services/automation-as-a-service/faq/
5678,Reports,https://dev.srv975395.hstgr.cloud/reports/
5680,"Peak Matrix 2022: Intelligent Document Processing (IDP) & Document Automation Leaders",https://dev.srv975395.hstgr.cloud/reports/peak-matrix-intelligent-document-processing-2022/
5696,"Intelligent Document Explorer",https://dev.srv975395.hstgr.cloud/ide/
5710,"Kognitos Partner",https://dev.srv975395.hstgr.cloud/partners/kognitos/
5880,"Real Estate Marketing Automation",https://dev.srv975395.hstgr.cloud/real-estate-marketing-automation/
5957,"Digital Transformation in Manufacturing",https://dev.srv975395.hstgr.cloud/digital-transformation-in-manufacturing/
6039,"Generative AI Specialists Contact – Request a Quote Today",https://dev.srv975395.hstgr.cloud/services/request-a-quote/
6058,LCA,https://dev.srv975395.hstgr.cloud/careers/lca-posting/
6062,"Employer Website Advertisement",https://dev.srv975395.hstgr.cloud/careers/lca-posting/employer-website-advertisement/
6068,Forward6,https://dev.srv975395.hstgr.cloud/forward6/
6110,"Join qBotica at UiPath FORWARD 7",https://dev.srv975395.hstgr.cloud/join-us-at-uipath-forward/
6132,"Marketing Assets",https://dev.srv975395.hstgr.cloud/marketing-assets/
6162,"Revenue Cycle Management Healthcare",https://dev.srv975395.hstgr.cloud/revenue-cycle-management-healthcare/
6196,"Thank You",https://dev.srv975395.hstgr.cloud/thank-you/
6205,Locations,https://dev.srv975395.hstgr.cloud/locations/
6215,Phoenix,https://dev.srv975395.hstgr.cloud/locations/phoenix/
6247,Chicago,https://dev.srv975395.hstgr.cloud/locations/chicago/
6251,Dallas,https://dev.srv975395.hstgr.cloud/locations/dallas/
6254,"Los Angeles",https://dev.srv975395.hstgr.cloud/locations/los-angeles/
6257,Houston,https://dev.srv975395.hstgr.cloud/locations/houston/
6260,"New York",https://dev.srv975395.hstgr.cloud/locations/new-york/
6262,"Professional Process Automation",https://dev.srv975395.hstgr.cloud/professional-process-automation/
6313,"Polaris Transportation Group",https://dev.srv975395.hstgr.cloud/polaris-transportation-group/
6341,Forward7,https://dev.srv975395.hstgr.cloud/forward7/
